{
  "account": [
    {
      "id": 1,
      "email": "testUser1@example.com",
      "password": "testPass1"
    },
    {
      "id": 2,
      "email": "testUser2@example.com",
      "password": "testPass2"
    },
    {
      "id": 3,
      "email": "testUser3@example.com",
      "password": "testPass3"
    },
    {
      "id": 4,
      "email": "testUser4@example.com",
      "password": "testPass4"
    },
    {
      "id": 5,
      "email": "testUser5@example.com",
      "password": "testPass5"
    },
    {
      "id": 6,
      "email": "testUser6@example.com",
      "password": "testPass6"
    }  ]
}